Id,Name,starttime
4095021,collinss,1970-01-01T01:00:00.000+01:00
29017677,smurphos,1970-01-01T01:00:00.000+01:00
12870528,NicoWeio,1970-01-01T01:00:00.000+01:00
858678,ivanixgames,1970-01-01T01:00:00.000+01:00
28591861,alexanderdd,1970-01-01T01:00:00.000+01:00
8835007,dmutters,1970-01-01T01:00:00.000+01:00
25536748,Alayan-stk-2,1970-01-01T01:00:00.000+01:00
39628502,skummer101,1970-01-01T01:00:00.000+01:00
25795277,anonyco,1970-01-01T01:00:00.000+01:00
12681399,mdindoffer,1970-01-01T01:00:00.000+01:00
18631108,charlie-ogier,1970-01-01T01:00:00.000+01:00
19782228,shlyakpavel,1970-01-01T01:00:00.000+01:00
21648,jondo,1970-01-01T01:00:00.000+01:00
5296986,digimeas,1970-01-01T01:00:00.000+01:00
36276704,ppoteete,1970-01-01T01:00:00.000+01:00
50881474,Enjymon,1970-01-01T01:00:00.000+01:00
4926997,tai-x,1970-01-01T01:00:00.000+01:00
1708690,davidpbrown,1970-01-01T01:00:00.000+01:00
49797363,Fischblick,1970-01-01T01:00:00.000+01:00
27283110,olfek,1970-01-01T01:00:00.000+01:00
1978777,muzena,1970-01-01T01:00:00.000+01:00
14021202,davidhealey,1970-01-01T01:00:00.000+01:00
1485098,Defcon0,1970-01-01T01:00:00.000+01:00
15627077,efezus,1970-01-01T01:00:00.000+01:00
47048470,MrShafer,1970-01-01T01:00:00.000+01:00
11966684,rugk,1970-01-01T01:00:00.000+01:00
35870988,Lurux,1970-01-01T01:00:00.000+01:00
46024456,s44i7h-sam,1970-01-01T01:00:00.000+01:00
6215449,GitHubIsToxic,1970-01-01T01:00:00.000+01:00
3486503,pgmer6809,1970-01-01T01:00:00.000+01:00
1299302,leigh123linux,1970-01-01T01:00:00.000+01:00
31071746,caltrop-3,1970-01-01T01:00:00.000+01:00
1997316,jsfan3,1970-01-01T01:00:00.000+01:00
34676884,danostg,1970-01-01T01:00:00.000+01:00
12682937,vlad0337187,1970-01-01T01:00:00.000+01:00
35854226,goebbe,1970-01-01T01:00:00.000+01:00
20264855,ttjimera,1970-01-01T01:00:00.000+01:00
21488893,ewangi,1970-01-01T01:00:00.000+01:00
8131530,philster10260,1970-01-01T01:00:00.000+01:00
20717654,kp2401075,1970-01-01T01:00:00.000+01:00
8469953,Yvour,1970-01-01T01:00:00.000+01:00
37563017,Amandaville,1970-01-01T01:00:00.000+01:00
7553595,Gotolei,1970-01-01T01:00:00.000+01:00
23329341,fotoneex,1970-01-01T01:00:00.000+01:00
3854941,Windsurfer01,1970-01-01T01:00:00.000+01:00
5819969,chrisamow,1970-01-01T01:00:00.000+01:00
3799212,mcarans,1970-01-01T01:00:00.000+01:00
3049832,mickaelalbertus,1970-01-01T01:00:00.000+01:00
12874678,starkgate,1970-01-01T01:00:00.000+01:00
6018621,samiel60,1970-01-01T01:00:00.000+01:00
13141463,deadpixi,1970-01-01T01:00:00.000+01:00
411642,biffster,1970-01-01T01:00:00.000+01:00
622453,aldeano,1970-01-01T01:00:00.000+01:00
6096063,Piiit,1970-01-01T01:00:00.000+01:00
566306,kneekoo,1970-01-01T01:00:00.000+01:00
30292158,slavko-milanovic,1970-01-01T01:00:00.000+01:00
1223140,Ilis,1970-01-01T01:00:00.000+01:00
429925,pirate486743186,1970-01-01T01:00:00.000+01:00
1500959,richtrefz,1970-01-01T01:00:00.000+01:00
24411108,cmrdt,1970-01-01T01:00:00.000+01:00
6224065,ropeladder,1970-01-01T01:00:00.000+01:00
7296506,bernd-wechner,1970-01-01T01:00:00.000+01:00
5851348,magiclen,1970-01-01T01:00:00.000+01:00
10137,ghost,1970-01-01T01:00:00.000+01:00
781030,haarp,1970-01-01T01:00:00.000+01:00
23406555,pyroxar,1970-01-01T01:00:00.000+01:00
6951677,zorbama,1970-01-01T01:00:00.000+01:00
102082,h4tr3d,1970-01-01T01:00:00.000+01:00
944636,rcrath,1970-01-01T01:00:00.000+01:00
22652174,markfilipak,1970-01-01T01:00:00.000+01:00
4353314,erdoking,1970-01-01T01:00:00.000+01:00
1151423,unxed,1970-01-01T01:00:00.000+01:00
22030217,Napaja,1970-01-01T01:00:00.000+01:00
3515792,momist,1970-01-01T01:00:00.000+01:00
10594806,erikdubois,1970-01-01T01:00:00.000+01:00
3687099,ebretteville,1970-01-01T01:00:00.000+01:00
32936161,MuriloMir,1970-01-01T01:00:00.000+01:00
2659687,nardholio,1970-01-01T01:00:00.000+01:00
23385761,jmholla,1970-01-01T01:00:00.000+01:00
20399374,speden,1970-01-01T01:00:00.000+01:00
179677,stuaxo,1970-01-01T01:00:00.000+01:00
9961541,mitchellkrogza,1970-01-01T01:00:00.000+01:00
2231759,JosephMcc,1970-01-01T01:00:00.000+01:00
26124850,Bundy01,1970-01-01T01:00:00.000+01:00
1303185,casperl,1970-01-01T01:00:00.000+01:00
17037513,scrognoid,1970-01-01T01:00:00.000+01:00
19428176,muallimim,1970-01-01T01:00:00.000+01:00
6551424,eli-schwartz,1970-01-01T01:00:00.000+01:00
15126864,MASTERGUY,1970-01-01T01:00:00.000+01:00
23616009,chingyinwan123,1970-01-01T01:00:00.000+01:00
10817213,lucserre,1970-01-01T01:00:00.000+01:00
8415124,NikoKrause,1970-01-01T01:00:00.000+01:00
6428497,Schallaven,1970-01-01T01:00:00.000+01:00
7840559,proninyaroslav,1970-01-01T01:00:00.000+01:00
25333160,zagalvelozo,1970-01-01T01:00:00.000+01:00
35967259,gemkibeju,1970-01-01T01:00:00.000+01:00
30070187,Bert-de-Jong,1970-01-01T01:00:00.000+01:00
1395027,TomaszGasior,1970-01-01T01:00:00.000+01:00
2804301,MegaV0lt,1970-01-01T01:00:00.000+01:00
13642513,mattearly,1970-01-01T01:00:00.000+01:00
22988043,phantomxe,1970-01-01T01:00:00.000+01:00
2862029,binarymist,1970-01-01T01:00:00.000+01:00
958714,ven-u,1970-01-01T01:00:00.000+01:00
19974947,anaconda69,1970-01-01T01:00:00.000+01:00
3409735,ocafebabe,1970-01-01T01:00:00.000+01:00
3487071,calexil,1970-01-01T01:00:00.000+01:00
2748168,cnlohr,1970-01-01T01:00:00.000+01:00
34000003,happyniko,1970-01-01T01:00:00.000+01:00
36510152,astier,1970-01-01T01:00:00.000+01:00
6998450,pyropingvin,1970-01-01T01:00:00.000+01:00
6099993,ion201,1970-01-01T01:00:00.000+01:00
1159908,vishwin,1970-01-01T01:00:00.000+01:00
5052362,R-a-l-f,1970-01-01T01:00:00.000+01:00
1149225,kiplingw,1970-01-01T01:00:00.000+01:00
10538387,nicqrocks,1970-01-01T01:00:00.000+01:00
2692138,geckolinux,1970-01-01T01:00:00.000+01:00
829557,pebbe,1970-01-01T01:00:00.000+01:00
33253303,jorivaa,1970-01-01T01:00:00.000+01:00
806824,calen-legaspi,1970-01-01T01:00:00.000+01:00
5124946,wesinator,1970-01-01T01:00:00.000+01:00
26103926,chillywings,1970-01-01T01:00:00.000+01:00
8404646,jordaorodolfo,1970-01-01T01:00:00.000+01:00
2328329,w4r0,1970-01-01T01:00:00.000+01:00
26842164,rebelwocause,1970-01-01T01:00:00.000+01:00
5039496,riksoft,1970-01-01T01:00:00.000+01:00
11457267,LarryAT,1970-01-01T01:00:00.000+01:00
31203804,gkatev,1970-01-01T01:00:00.000+01:00
30754561,MysticLord,1970-01-01T01:00:00.000+01:00
22563667,githpr,1970-01-01T01:00:00.000+01:00
17322130,Cos-mo,1970-01-01T01:00:00.000+01:00
1011130,wolfpackmars2,1970-01-01T01:00:00.000+01:00
3172687,gavinhoward,1970-01-01T01:00:00.000+01:00
153784,yuzhichang,1970-01-01T01:00:00.000+01:00
12125282,rustleg,1970-01-01T01:00:00.000+01:00
11800714,oberon-manjaro,1970-01-01T01:00:00.000+01:00
28644218,ThrivingRhino,1970-01-01T01:00:00.000+01:00
12458785,Bogwon,1970-01-01T01:00:00.000+01:00
6993730,crazyliuzc,1970-01-01T01:00:00.000+01:00
1320336,thorsummoner,1970-01-01T01:00:00.000+01:00
2348129,rebelxt,1970-01-01T01:00:00.000+01:00
5877361,tetrode,1970-01-01T01:00:00.000+01:00
1084367,lehjr,1970-01-01T01:00:00.000+01:00
21159972,xenopeek,1970-01-01T01:00:00.000+01:00
651970,ali1234,1970-01-01T01:00:00.000+01:00
2395181,jeisner,1970-01-01T01:00:00.000+01:00
25449485,FizWork,1970-01-01T01:00:00.000+01:00
25500496,cruftytheclown,1970-01-01T01:00:00.000+01:00
7600641,maxheise,1970-01-01T01:00:00.000+01:00
16854898,s7jones,1970-01-01T01:00:00.000+01:00
7345761,Yanpas,1970-01-01T01:00:00.000+01:00
756669,Mailaender,1970-01-01T01:00:00.000+01:00
4631165,whowe-gh,1970-01-01T01:00:00.000+01:00
24620467,dqgls,1970-01-01T01:00:00.000+01:00
5932095,drbogi,1970-01-01T01:00:00.000+01:00
9968138,Mintulix,1970-01-01T01:00:00.000+01:00
7165278,Azarien,1970-01-01T01:00:00.000+01:00
10341750,pellesimon,1970-01-01T01:00:00.000+01:00
14327201,luisesp19,1970-01-01T01:00:00.000+01:00
1466111,tedstoychev,1970-01-01T01:00:00.000+01:00
12819058,Vahan86,1970-01-01T01:00:00.000+01:00
23085967,doredus,1970-01-01T01:00:00.000+01:00
18683315,KevinNadaud,1970-01-01T01:00:00.000+01:00
3743601,dullroar,1970-01-01T01:00:00.000+01:00
4997950,JollyWizard,1970-01-01T01:00:00.000+01:00
246421,praveenp,1970-01-01T01:00:00.000+01:00
7684338,deepsidhu1313,1970-01-01T01:00:00.000+01:00
11165995,Fred-Barclay,1970-01-01T01:00:00.000+01:00
1450212,mpetroff,1970-01-01T01:00:00.000+01:00
15708310,nstommel,1970-01-01T01:00:00.000+01:00
12342773,windy32,1970-01-01T01:00:00.000+01:00
4663298,anandrkris,1970-01-01T01:00:00.000+01:00
262776,mtwebster,1970-01-01T01:00:00.000+01:00
6322481,brownsr,1970-01-01T01:00:00.000+01:00
14379798,cronolio,1970-01-01T01:00:00.000+01:00
309393,swilmet,1970-01-01T01:00:00.000+01:00
1591877,bananabob,1970-01-01T01:00:00.000+01:00
11601860,itzexor,1970-01-01T01:00:00.000+01:00
386788,XRevan86,1970-01-01T01:00:00.000+01:00
5963756,Pjotr123,1970-01-01T01:00:00.000+01:00
14296809,schaetzc,1970-01-01T01:00:00.000+01:00
737370,nmjbhoffmann,1970-01-01T01:00:00.000+01:00
8640309,mrbesen,1970-01-01T01:00:00.000+01:00
10543911,RyanNerd,1970-01-01T01:00:00.000+01:00
38916402,yparitcher,1970-01-01T01:00:00.000+01:00
30041840,stefanoful,1970-01-01T01:00:00.000+01:00
24928585,jpcusumano,1970-01-01T01:00:00.000+01:00
41977288,gittingthehub,1970-01-01T01:00:00.000+01:00
2989768,tpamula,1970-01-01T01:00:00.000+01:00
13907452,rudolphi,1970-01-01T01:00:00.000+01:00
16303732,dodona2,1970-01-01T01:00:00.000+01:00
20516986,pushsla,1970-01-01T01:00:00.000+01:00
3146494,Soundtoxin,1970-01-01T01:00:00.000+01:00
38164609,asarualim,1970-01-01T01:00:00.000+01:00
3955499,Petrouchka,1970-01-01T01:00:00.000+01:00
18575218,mathieu-rossignol,1970-01-01T01:00:00.000+01:00
23623453,FistfulOfStars,1970-01-01T01:00:00.000+01:00
17831821,KamelAbdelouahab,1970-01-01T01:00:00.000+01:00
1638787,KnowZero,1970-01-01T01:00:00.000+01:00
25144754,e-james,1970-01-01T01:00:00.000+01:00
5764722,eev2,1970-01-01T01:00:00.000+01:00
8804879,dvergeylen,1970-01-01T01:00:00.000+01:00
13608545,tinxx,1970-01-01T01:00:00.000+01:00
11357173,drydenp,1970-01-01T01:00:00.000+01:00
1138515,clefebvre,1970-01-01T01:00:00.000+01:00
10873917,domdog,1970-01-01T01:00:00.000+01:00
34213903,mrdrthom,1970-01-01T01:00:00.000+01:00
710454,dino0815,1970-01-01T01:00:00.000+01:00
35626789,MaartenLAB,1970-01-01T01:00:00.000+01:00
13933,gottcode,1970-01-01T01:00:00.000+01:00
7573523,RecNes,1970-01-01T01:00:00.000+01:00
8533116,MishraShivendra,1970-01-01T01:00:00.000+01:00
2009779,jp-sauve,1970-01-01T01:00:00.000+01:00
8657255,brianally,1970-01-01T01:00:00.000+01:00
1482125,lekma,1970-01-01T01:00:00.000+01:00
470601,KirkM,1970-01-01T01:00:00.000+01:00
1877391,spsf64,1970-01-01T01:00:00.000+01:00
24948845,oblongau,1970-01-01T01:00:00.000+01:00
9769460,TugaPowerROM,1970-01-01T01:00:00.000+01:00
6953323,tobias47n9e,1970-01-01T01:00:00.000+01:00
33010258,rwmills,1970-01-01T01:00:00.000+01:00
16520683,brkeh,1970-01-01T01:00:00.000+01:00
5832930,theel0ja,1970-01-01T01:00:00.000+01:00
151380,hughsie,1970-01-01T01:00:00.000+01:00
3232113,Laurencio,1970-01-01T01:00:00.000+01:00
34136215,franckgaga,1970-01-01T01:00:00.000+01:00
4445745,SethosII,1970-01-01T01:00:00.000+01:00
827278,gsiou,1970-01-01T01:00:00.000+01:00
2718347,NullNoname,1970-01-01T01:00:00.000+01:00
952071,sannysanoff,1970-01-01T01:00:00.000+01:00
325433,aaime,1970-01-01T01:00:00.000+01:00
304300,deutrino,1970-01-01T01:00:00.000+01:00
12031533,denzel100,1970-01-01T01:00:00.000+01:00
1421711,ziggurats,1970-01-01T01:00:00.000+01:00
13742679,shreyas1496,1970-01-01T01:00:00.000+01:00
1101856,Shmoopty,1970-01-01T01:00:00.000+01:00
2142748,lsh-0,1970-01-01T01:00:00.000+01:00
6191811,peneus,1970-01-01T01:00:00.000+01:00
21694871,UriShap,1970-01-01T01:00:00.000+01:00
15821446,unkilbeeg,1970-01-01T01:00:00.000+01:00
2504902,KDB2,1970-01-01T01:00:00.000+01:00
5138986,monsta,1970-01-01T01:00:00.000+01:00
1499142,vladimir-didenko,1970-01-01T01:00:00.000+01:00
1094017,Timmythepirate,1970-01-01T01:00:00.000+01:00
1295589,sprintcowboy,1970-01-01T01:00:00.000+01:00
